{"cameraMode":{"drawMode":0,"name":"Shaded","section":"Shading Mode"},"sceneLighting":false,"audioPlay":false,"sceneViewState":{"showFog":true,"showMaterialUpdate":true,"showSkybox":false,"showFlares":true,"showImageEffects":true,"showParticleSystems":true},"in2DMode":false,"pivot":{"x":-2.8499999046325685,"y":0.6499996185302734,"z":-0.7100000381469727},"rotation":{"x":0.392630398273468,"y":-0.009670610539615155,"z":0.00407829787582159,"w":0.9196730852127075},"size":4.715508937835693,"orthographic":false}