{"cameraMode":{"drawMode":0,"name":"Shaded","section":"Shading Mode"},"sceneLighting":true,"audioPlay":false,"sceneViewState":{"showFog":true,"showMaterialUpdate":true,"showSkybox":true,"showFlares":true,"showImageEffects":true,"showParticleSystems":true},"in2DMode":false,"pivot":{"x":551.8273315429688,"y":223.24993896484376,"z":130.02166748046876},"rotation":{"x":-0.04460039734840393,"y":-0.059599149972200397,"z":-0.00258072791621089,"w":0.9972545504570007},"size":666.1346435546875,"orthographic":false}