{"cameraMode":{"drawMode":0,"name":"Shaded","section":"Shading Mode"},"sceneLighting":false,"audioPlay":false,"sceneViewState":{"showFog":true,"showMaterialUpdate":true,"showSkybox":false,"showFlares":true,"showImageEffects":true,"showParticleSystems":true},"in2DMode":false,"pivot":{"x":-0.26736980676651,"y":0.13258469104766847,"z":1.3337574005126954},"rotation":{"x":0.2326660305261612,"y":-0.02625170536339283,"z":0.006313915364444256,"w":0.9722229242324829},"size":3.934109926223755,"orthographic":false}