{"cameraMode":{"drawMode":0,"name":"Shaded","section":"Shading Mode"},"sceneLighting":true,"audioPlay":false,"sceneViewState":{"showFog":true,"showMaterialUpdate":true,"showSkybox":true,"showFlares":true,"showImageEffects":true,"showParticleSystems":true},"in2DMode":false,"pivot":{"x":81.77442932128906,"y":-1.5351924896240235,"z":-9.301681518554688},"rotation":{"x":0.07832054793834686,"y":0.6965746879577637,"z":-0.07666429877281189,"w":0.7091243863105774},"size":96.65171813964844,"orthographic":false}