{"cameraMode":{"drawMode":0,"name":"Shaded","section":"Shading Mode"},"sceneLighting":false,"audioPlay":false,"sceneViewState":{"showFog":true,"showMaterialUpdate":true,"showSkybox":false,"showFlares":true,"showImageEffects":true,"showParticleSystems":true},"in2DMode":false,"pivot":{"x":2.384185791015625e-7,"y":-0.02199999988079071,"z":-2.384185791015625e-7},"rotation":{"x":0.4492233395576477,"y":-0.008029622957110405,"z":0.004071309231221676,"w":0.8934183120727539},"size":5.134109020233154,"orthographic":false}