{"cameraMode":{"drawMode":0,"name":"Shaded","section":"Shading Mode"},"sceneLighting":false,"audioPlay":false,"sceneViewState":{"showFog":true,"showMaterialUpdate":true,"showSkybox":false,"showFlares":true,"showImageEffects":true,"showParticleSystems":true},"in2DMode":false,"pivot":{"x":-0.0467049777507782,"y":-1.0527887344360352,"z":0.26502978801727297},"rotation":{"x":0.5797463059425354,"y":-0.08032523840665817,"z":0.05760485306382179,"w":0.8088288307189941},"size":5.408664703369141,"orthographic":false}