{"cameraMode":{"drawMode":0,"name":"Shaded","section":"Shading Mode"},"sceneLighting":false,"audioPlay":false,"sceneViewState":{"showFog":true,"showMaterialUpdate":true,"showSkybox":false,"showFlares":true,"showImageEffects":true,"showParticleSystems":true},"in2DMode":false,"pivot":{"x":0.17465035617351533,"y":-0.1582319736480713,"z":-0.1802525520324707},"rotation":{"x":0.4492233395576477,"y":-0.008029622957110405,"z":0.004071309231221676,"w":0.8934183120727539},"size":2.4341087341308595,"orthographic":false}