{"cameraMode":{"drawMode":0,"name":"Shaded","section":"Shading Mode"},"sceneLighting":false,"audioPlay":false,"sceneViewState":{"showFog":true,"showMaterialUpdate":true,"showSkybox":false,"showFlares":true,"showImageEffects":true,"showParticleSystems":true},"in2DMode":false,"pivot":{"x":-0.49479228258132937,"y":-0.18991518020629884,"z":2.148933172225952},"rotation":{"x":0.21812698245048524,"y":-0.007318189833313227,"z":0.0016375911654904485,"w":0.9759044051170349},"size":3.2154700756073,"orthographic":false}